城市,年月,产成品,工业用电量,人均公园绿地面积,绿化覆盖率,生产用水量,人均日生活用水量,月降水量,月平均气温,常住人口,空气质量综合指数
南京,2018年7月,671.15,331.27,16.2,45,46799,237,240.7,28.6,924.39,3.6
南京,2018年8月,671.15,331.27,16.2,45,46799,237,330.8,28,924.39,3.45
南京,2018年9月,671.15,331.27,16.2,45,46799,237,104.1,24.4,924.39,4.21
南京,2018年10月,671.15,331.27,16.2,45,46799,237,27.3,18.9,924.39,4.8
南京,2018年11月,671.15,331.27,16.2,45,46799,237,22.9,12.2,924.39,5.63
南京,2018年12月,671.15,331.27,16.2,45,46799,237,54.3,4.8,924.39,4.8
南京,2019年1月,671.15,327.26,16.2,45,46799,237,27.1,4.8,928.16,6.01
南京,2019年2月,671.15,327.26,16.2,45,46799,237,64.7,6,928.16,4.81
南京,2019年3月,671.15,327.26,16.2,45,46799,237,49.9,12.7,928.16,5.44
南京,2019年4月,671.15,327.26,16.2,45,46799,237,46.1,17.2,928.16,4.67
南京,2019年5月,671.15,327.26,16.2,45,46799,237,57.7,21.5,928.16,4.55
南京,2019年6月,671.15,327.26,16.2,45,46799,237,250.6,25.7,928.16,4.03
南京,2019年7月,671.15,327.26,16.2,45,46799,237,240.7,28.6,928.16,3.65
南京,2019年8月,671.15,327.26,16.2,45,46799,237,330.8,28,928.16,3.24
南京,2019年9月,671.15,327.26,16.2,45,46799,237,104.1,24.4,928.16,3.8
南京,2019年10月,671.15,327.26,16.2,45,46799,237,27.3,18.9,928.16,4.38
南京,2019年11月,671.15,327.26,16.2,45,46799,237,22.9,12.2,928.16,4.75
南京,2019年12月,671.15,327.26,16.2,45,46799,237,54.3,4.8,928.16,5.11
南京,2020年1月,671.15,338.88,16.2,45,46799,237,27.1,4.8,931.97,4.89
南京,2020年2月,671.15,338.88,16.2,45,46799,237,64.7,6,931.97,3.19
南京,2020年3月,671.15,338.88,16.2,45,46799,237,49.9,12.7,931.97,3.82
南京,2020年4月,671.15,338.88,16.2,45,46799,237,46.1,17.2,931.97,4.36
南京,2020年5月,671.15,338.88,16.2,45,46799,237,57.7,21.5,931.97,4.25
南京,2020年6月,671.15,338.88,16.2,45,46799,237,250.6,25.7,931.97,3.14
南京,2020年7月,671.15,338.88,16.2,45,46799,237,240.7,28.6,931.97,3.13
南京,2020年8月,671.15,338.88,16.2,45,46799,237,330.8,28,931.97,2.98
南京,2020年9月,671.15,338.88,16.2,45,46799,237,104.1,24.4,931.97,3.6
南京,2020年10月,671.15,338.88,16.2,45,46799,237,27.3,18.9,931.97,3.58
南京,2020年11月,671.15,338.88,16.2,45,46799,237,22.9,12.2,931.97,3.81
南京,2020年12月,671.15,338.88,16.2,45,46799,237,54.3,4.8,931.97,5.32
南京,2021年1月,671.15,350.33,16.2,45,46799,237,27.1,4.8,942.34,4.78
南京,2021年2月,671.15,350.33,16.2,45,46799,237,64.7,6,942.34,3.44
南京,2021年3月,671.15,350.33,16.2,45,46799,237,49.9,12.7,942.34,4.07
南京,2021年4月,671.15,350.33,16.2,45,46799,237,46.1,17.2,942.34,3.7
南京,2021年5月,671.15,350.33,16.2,45,46799,237,57.7,21.5,942.34,3.63
南京,2021年6月,671.15,350.33,16.2,45,46799,237,250.6,25.7,942.34,3.46
南京,2021年7月,671.15,350.33,16.2,45,46799,237,240.7,28.6,942.34,2.5
南京,2021年8月,671.15,350.33,16.2,45,46799,237,330.8,28,942.34,2.96
南京,2021年9月,671.15,350.33,16.2,45,46799,237,104.1,24.4,942.34,3.16
南京,2021年10月,671.15,350.33,16.2,45,46799,237,27.3,18.9,942.34,3.56
南京,2021年11月,671.15,350.33,16.2,45,46799,237,22.9,12.2,942.34,4.01
南京,2021年12月,671.15,350.33,16.2,45,46799,237,54.3,4.8,942.34,4.74
南京,2022年1月,671.15,355.25,16.2,45,46799,237,27.1,4.8,949.11,4.78
南京,2022年2月,671.15,355.25,16.2,45,46799,237,64.7,6,949.11,3.7
南京,2022年3月,671.15,355.25,16.2,45,46799,237,49.9,12.7,949.11,3.82
南京,2022年4月,671.15,355.25,16.2,45,46799,237,46.1,17.2,949.11,3.51
南京,2022年5月,671.15,355.25,16.2,45,46799,237,57.7,21.5,949.11,3.58
南京,2022年6月,671.15,355.25,16.2,45,46799,237,250.6,25.7,949.11,2.83
南京,2022年7月,671.15,355.25,16.2,45,46799,237,240.7,28.6,949.11,2.47
南京,2022年8月,671.15,355.25,16.2,45,46799,237,330.8,28,949.11,2.68
南京,2022年9月,671.15,355.25,16.2,45,46799,237,104.1,24.4,949.11,2.93
南京,2022年10月,671.15,355.25,16.2,45,46799,237,27.3,18.9,949.11,2.81
南京,2022年11月,671.15,355.25,16.2,45,46799,237,22.9,12.2,949.11,3.5
南京,2022年12月,671.15,355.25,16.2,45,46799,237,54.3,4.8,949.11,4.32
南京,2023年1月,671.15,365.83,16.2,45,46799,237,27.1,4.8,954.7,
南京,2023年2月,671.15,365.83,16.2,45,46799,237,64.7,6,954.7,
南京,2023年3月,671.15,365.83,16.2,45,46799,237,49.9,12.7,954.7,
南京,2023年4月,671.15,365.83,16.2,45,46799,237,46.1,17.2,954.7,
南京,2023年5月,671.15,365.83,16.2,45,46799,237,57.7,21.5,954.7,
南京,2023年6月,671.15,365.83,16.2,45,46799,237,250.6,25.7,954.7,
南京,2023年7月,671.15,365.83,16.2,45,46799,237,240.7,28.6,954.7,
南京,2023年8月,671.15,365.83,16.2,45,46799,237,330.8,28,954.7,
南京,2023年9月,671.15,365.83,16.2,45,46799,237,104.1,24.4,954.7,
南京,2023年10月,671.15,365.83,16.2,45,46799,237,27.3,18.9,954.7,
南京,2023年11月,671.15,365.83,16.2,45,46799,237,22.9,12.2,954.7,
南京,2023年12月,671.15,365.83,16.2,45,46799,237,54.3,4.8,954.7,
南通,2018年7月,785.89,295.86,19.7,44.5,14317,194.4,397.1,28.8,769.48,3.5
南通,2018年8月,785.89,295.86,19.7,44.5,14317,194.4,91.5,28.3,769.48,2.81
南通,2018年9月,785.89,295.86,19.7,44.5,14317,194.4,145.1,24.8,769.48,3.65
南通,2018年10月,785.89,295.86,19.7,44.5,14317,194.4,35,19.2,769.48,4.41
南通,2018年11月,785.89,295.86,19.7,44.5,14317,194.4,22.9,12.9,769.48,5.13
南通,2018年12月,785.89,295.86,19.7,44.5,14317,194.4,29.1,5.3,769.48,4.51
南通,2019年1月,785.89,307.45,19.7,44.5,14317,194.4,28.4,4.6,772.44,4.56
南通,2019年2月,785.89,307.45,19.7,44.5,14317,194.4,64.7,5.6,772.44,4
南通,2019年3月,785.89,307.45,19.7,44.5,14317,194.4,47,11.8,772.44,4.89
南通,2019年4月,785.89,307.45,19.7,44.5,14317,194.4,41,16.3,772.44,4.02
南通,2019年5月,785.89,307.45,19.7,44.5,14317,194.4,80,21.1,772.44,4.65
南通,2019年6月,785.89,307.45,19.7,44.5,14317,194.4,257.1,24.8,772.44,3.47
南通,2019年7月,785.89,307.45,19.7,44.5,14317,194.4,397.1,28.8,772.44,3.51
南通,2019年8月,785.89,307.45,19.7,44.5,14317,194.4,91.5,28.3,772.44,3.08
南通,2019年9月,785.89,307.45,19.7,44.5,14317,194.4,145.1,24.8,772.44,2.73
南通,2019年10月,785.89,307.45,19.7,44.5,14317,194.4,35,19.2,772.44,3.63
南通,2019年11月,785.89,307.45,19.7,44.5,14317,194.4,22.9,12.9,772.44,3.9
南通,2019年12月,785.89,307.45,19.7,44.5,14317,194.4,29.1,5.3,772.44,4.53
南通,2020年1月,785.89,323.52,19.7,44.5,14317,194.4,28.4,4.6,772.8,4.25
南通,2020年2月,785.89,323.52,19.7,44.5,14317,194.4,64.7,5.6,772.8,2.95
南通,2020年3月,785.89,323.52,19.7,44.5,14317,194.4,47,11.8,772.8,3.34
南通,2020年4月,785.89,323.52,19.7,44.5,14317,194.4,41,16.3,772.8,4.18
南通,2020年5月,785.89,323.52,19.7,44.5,14317,194.4,80,21.1,772.8,4.03
南通,2020年6月,785.89,323.52,19.7,44.5,14317,194.4,257.1,24.8,772.8,3.29
南通,2020年7月,785.89,323.52,19.7,44.5,14317,194.4,397.1,28.8,772.8,2.93
南通,2020年8月,785.89,323.52,19.7,44.5,14317,194.4,91.5,28.3,772.8,3.11
南通,2020年9月,785.89,323.52,19.7,44.5,14317,194.4,145.1,24.8,772.8,3.76
南通,2020年10月,785.89,323.52,19.7,44.5,14317,194.4,35,19.2,772.8,2.9
南通,2020年11月,785.89,323.52,19.7,44.5,14317,194.4,22.9,12.9,772.8,3.42
南通,2020年12月,785.89,323.52,19.7,44.5,14317,194.4,29.1,5.3,772.8,4.35
南通,2021年1月,785.89,362.5,19.7,44.5,14317,194.4,28.4,4.6,773.3,4.17
南通,2021年2月,785.89,362.5,19.7,44.5,14317,194.4,64.7,5.6,773.3,3.46
南通,2021年3月,785.89,362.5,19.7,44.5,14317,194.4,47,11.8,773.3,3.66
南通,2021年4月,785.89,362.5,19.7,44.5,14317,194.4,41,16.3,773.3,3.36
南通,2021年5月,785.89,362.5,19.7,44.5,14317,194.4,80,21.1,773.3,3.68
南通,2021年6月,785.89,362.5,19.7,44.5,14317,194.4,257.1,24.8,773.3,3.18
南通,2021年7月,785.89,362.5,19.7,44.5,14317,194.4,397.1,28.8,773.3,2.79
南通,2021年8月,785.89,362.5,19.7,44.5,14317,194.4,91.5,28.3,773.3,2.61
南通,2021年9月,785.89,362.5,19.7,44.5,14317,194.4,145.1,24.8,773.3,2.75
南通,2021年10月,785.89,362.5,19.7,44.5,14317,194.4,35,19.2,773.3,2.65
南通,2021年11月,785.89,362.5,19.7,44.5,14317,194.4,22.9,12.9,773.3,3.94
南通,2021年12月,785.89,362.5,19.7,44.5,14317,194.4,29.1,5.3,773.3,4.34
南通,2022年1月,785.89,388.12,19.7,44.5,14317,194.4,28.4,4.6,774.35,3.84
南通,2022年2月,785.89,388.12,19.7,44.5,14317,194.4,64.7,5.6,774.35,3.06
南通,2022年3月,785.89,388.12,19.7,44.5,14317,194.4,47,11.8,774.35,3.73
南通,2022年4月,785.89,388.12,19.7,44.5,14317,194.4,41,16.3,774.35,3.63
南通,2022年5月,785.89,388.12,19.7,44.5,14317,194.4,80,21.1,774.35,3.23
南通,2022年6月,785.89,388.12,19.7,44.5,14317,194.4,257.1,24.8,774.35,3.14
南通,2022年7月,785.89,388.12,19.7,44.5,14317,194.4,397.1,28.8,774.35,2.97
南通,2022年8月,785.89,388.12,19.7,44.5,14317,194.4,91.5,28.3,774.35,3.24
南通,2022年9月,785.89,388.12,19.7,44.5,14317,194.4,145.1,24.8,774.35,2.45
南通,2022年10月,785.89,388.12,19.7,44.5,14317,194.4,35,19.2,774.35,2.46
南通,2022年11月,785.89,388.12,19.7,44.5,14317,194.4,22.9,12.9,774.35,2.79
南通,2022年12月,785.89,388.12,19.7,44.5,14317,194.4,29.1,5.3,774.35,3.63
南通,2023年1月,785.89,450.39,19.7,44.5,14317,194.4,28.4,4.6,774.85,
南通,2023年2月,785.89,450.39,19.7,44.5,14317,194.4,64.7,5.6,774.85,
南通,2023年3月,785.89,450.39,19.7,44.5,14317,194.4,47,11.8,774.85,
南通,2023年4月,785.89,450.39,19.7,44.5,14317,194.4,41,16.3,774.85,
南通,2023年5月,785.89,450.39,19.7,44.5,14317,194.4,80,21.1,774.85,
南通,2023年6月,785.89,450.39,19.7,44.5,14317,194.4,257.1,24.8,774.85,
南通,2023年7月,785.89,450.39,19.7,44.5,14317,194.4,397.1,28.8,774.85,
南通,2023年8月,785.89,450.39,19.7,44.5,14317,194.4,91.5,28.3,774.85,
南通,2023年9月,785.89,450.39,19.7,44.5,14317,194.4,145.1,24.8,774.85,
南通,2023年10月,785.89,450.39,19.7,44.5,14317,194.4,35,19.2,774.85,
南通,2023年11月,785.89,450.39,19.7,44.5,14317,194.4,22.9,12.9,774.85,
南通,2023年12月,785.89,450.39,19.7,44.5,14317,194.4,29.1,5.3,774.85,
宿迁,2018年7月,341.17,123.84,16.3,45,5502,138.4,271.9,28.3,496.59,3.13
宿迁,2018年8月,341.17,123.84,16.3,45,5502,138.4,157.8,27.9,496.59,3.2
宿迁,2018年9月,341.17,123.84,16.3,45,5502,138.4,103.7,23.6,496.59,3.78
宿迁,2018年10月,341.17,123.84,16.3,45,5502,138.4,5.5,18.8,496.59,5.28
宿迁,2018年11月,341.17,123.84,16.3,45,5502,138.4,24,10.5,496.59,5.18
宿迁,2018年12月,341.17,123.84,16.3,45,5502,138.4,48.9,3,496.59,5.12
宿迁,2019年1月,341.17,137.51,16.3,45,5502,138.4,23.6,2.6,497.28,6.53
宿迁,2019年2月,341.17,137.51,16.3,45,5502,138.4,35.9,4.9,497.28,6.09
宿迁,2019年3月,341.17,137.51,16.3,45,5502,138.4,28.4,12.9,497.28,4.87
宿迁,2019年4月,341.17,137.51,16.3,45,5502,138.4,77.8,16.1,497.28,3.94
宿迁,2019年5月,341.17,137.51,16.3,45,5502,138.4,232.7,21.4,497.28,4.1
宿迁,2019年6月,341.17,137.51,16.3,45,5502,138.4,58.5,26.1,497.28,3.94
宿迁,2019年7月,341.17,137.51,16.3,45,5502,138.4,271.9,28.3,497.28,3.28
宿迁,2019年8月,341.17,137.51,16.3,45,5502,138.4,157.8,27.9,497.28,2.96
宿迁,2019年9月,341.17,137.51,16.3,45,5502,138.4,103.7,23.6,497.28,3.72
宿迁,2019年10月,341.17,137.51,16.3,45,5502,138.4,5.5,18.8,497.28,4.72
宿迁,2019年11月,341.17,137.51,16.3,45,5502,138.4,24,10.5,497.28,4.9
宿迁,2019年12月,341.17,137.51,16.3,45,5502,138.4,48.9,3,497.28,5.39
宿迁,2020年1月,341.17,149.24,16.3,45,5502,138.4,23.6,2.6,498.82,5.88
宿迁,2020年2月,341.17,149.24,16.3,45,5502,138.4,35.9,4.9,498.82,3.67
宿迁,2020年3月,341.17,149.24,16.3,45,5502,138.4,28.4,12.9,498.82,4.02
宿迁,2020年4月,341.17,149.24,16.3,45,5502,138.4,77.8,16.1,498.82,4.17
宿迁,2020年5月,341.17,149.24,16.3,45,5502,138.4,232.7,21.4,498.82,3.79
宿迁,2020年6月,341.17,149.24,16.3,45,5502,138.4,58.5,26.1,498.82,3.42
宿迁,2020年7月,341.17,149.24,16.3,45,5502,138.4,271.9,28.3,498.82,2.83
宿迁,2020年8月,341.17,149.24,16.3,45,5502,138.4,157.8,27.9,498.82,2.92
宿迁,2020年9月,341.17,149.24,16.3,45,5502,138.4,103.7,23.6,498.82,3.74
宿迁,2020年10月,341.17,149.24,16.3,45,5502,138.4,5.5,18.8,498.82,4.25
宿迁,2020年11月,341.17,149.24,16.3,45,5502,138.4,24,10.5,498.82,4.4
宿迁,2020年12月,341.17,149.24,16.3,45,5502,138.4,48.9,3,498.82,6.15
宿迁,2021年1月,341.17,174.5,16.3,45,5502,138.4,23.6,2.6,499.9,5.6
宿迁,2021年2月,341.17,174.5,16.3,45,5502,138.4,35.9,4.9,499.9,3.66
宿迁,2021年3月,341.17,174.5,16.3,45,5502,138.4,28.4,12.9,499.9,4.19
宿迁,2021年4月,341.17,174.5,16.3,45,5502,138.4,77.8,16.1,499.9,3.55
宿迁,2021年5月,341.17,174.5,16.3,45,5502,138.4,232.7,21.4,499.9,3.4
宿迁,2021年6月,341.17,174.5,16.3,45,5502,138.4,58.5,26.1,499.9,3.54
宿迁,2021年7月,341.17,174.5,16.3,45,5502,138.4,271.9,28.3,499.9,2.12
宿迁,2021年8月,341.17,174.5,16.3,45,5502,138.4,157.8,27.9,499.9,2.62
宿迁,2021年9月,341.17,174.5,16.3,45,5502,138.4,103.7,23.6,499.9,2.83
宿迁,2021年10月,341.17,174.5,16.3,45,5502,138.4,5.5,18.8,499.9,3.88
宿迁,2021年11月,341.17,174.5,16.3,45,5502,138.4,24,10.5,499.9,4.84
宿迁,2021年12月,341.17,174.5,16.3,45,5502,138.4,48.9,3,499.9,5.28
宿迁,2022年1月,341.17,182.33,16.3,45,5502,138.4,23.6,2.6,497.53,5.73
宿迁,2022年2月,341.17,182.33,16.3,45,5502,138.4,35.9,4.9,497.53,4.24
宿迁,2022年3月,341.17,182.33,16.3,45,5502,138.4,28.4,12.9,497.53,3.93
宿迁,2022年4月,341.17,182.33,16.3,45,5502,138.4,77.8,16.1,497.53,3.55
宿迁,2022年5月,341.17,182.33,16.3,45,5502,138.4,232.7,21.4,497.53,3.45
宿迁,2022年6月,341.17,182.33,16.3,45,5502,138.4,58.5,26.1,497.53,3.34
宿迁,2022年7月,341.17,182.33,16.3,45,5502,138.4,271.9,28.3,497.53,2.52
宿迁,2022年8月,341.17,182.33,16.3,45,5502,138.4,157.8,27.9,497.53,2.61
宿迁,2022年9月,341.17,182.33,16.3,45,5502,138.4,103.7,23.6,497.53,3.13
宿迁,2022年10月,341.17,182.33,16.3,45,5502,138.4,5.5,18.8,497.53,3.38
宿迁,2022年11月,341.17,182.33,16.3,45,5502,138.4,24,10.5,497.53,3.65
宿迁,2022年12月,341.17,182.33,16.3,45,5502,138.4,48.9,3,497.53,5.13
宿迁,2023年1月,341.17,213.05,16.3,45,5502,138.4,23.6,2.6,497.75,
宿迁,2023年2月,341.17,213.05,16.3,45,5502,138.4,35.9,4.9,497.75,
宿迁,2023年3月,341.17,213.05,16.3,45,5502,138.4,28.4,12.9,497.75,
宿迁,2023年4月,341.17,213.05,16.3,45,5502,138.4,77.8,16.1,497.75,
宿迁,2023年5月,341.17,213.05,16.3,45,5502,138.4,232.7,21.4,497.75,
宿迁,2023年6月,341.17,213.05,16.3,45,5502,138.4,58.5,26.1,497.75,
宿迁,2023年7月,341.17,213.05,16.3,45,5502,138.4,271.9,28.3,497.75,
宿迁,2023年8月,341.17,213.05,16.3,45,5502,138.4,157.8,27.9,497.75,
宿迁,2023年9月,341.17,213.05,16.3,45,5502,138.4,103.7,23.6,497.75,
宿迁,2023年10月,341.17,213.05,16.3,45,5502,138.4,5.5,18.8,497.75,
宿迁,2023年11月,341.17,213.05,16.3,45,5502,138.4,24,10.5,497.75,
宿迁,2023年12月,341.17,213.05,16.3,45,5502,138.4,48.9,3,497.75,
常州,2018年7月,940.54,373.05,15.7,44.8,14170,257.1,280.8,29.4,525.32,3.07
常州,2018年8月,940.54,373.05,15.7,44.8,14170,257.1,96.4,28.6,525.32,3.14
常州,2018年9月,940.54,373.05,15.7,44.8,14170,257.1,110.8,25.3,525.32,3.54
常州,2018年10月,940.54,373.05,15.7,44.8,14170,257.1,19.1,19.3,525.32,4.57
常州,2018年11月,940.54,373.05,15.7,44.8,14170,257.1,17.4,13.1,525.32,4.42
常州,2018年12月,940.54,373.05,15.7,44.8,14170,257.1,44.2,5.1,525.32,5.28
常州,2019年1月,940.54,385.2,15.7,44.8,14170,257.1,28.3,5,527.25,5.92
常州,2019年2月,940.54,385.2,15.7,44.8,14170,257.1,67.1,6.4,527.25,4.85
常州,2019年3月,940.54,385.2,15.7,44.8,14170,257.1,60.9,13,527.25,5.75
常州,2019年4月,940.54,385.2,15.7,44.8,14170,257.1,41.1,17.4,527.25,5.13
常州,2019年5月,940.54,385.2,15.7,44.8,14170,257.1,69.7,22.1,527.25,4.81
常州,2019年6月,940.54,385.2,15.7,44.8,14170,257.1,382,26,527.25,4.2
常州,2019年7月,940.54,385.2,15.7,44.8,14170,257.1,280.8,29.4,527.25,3.87
常州,2019年8月,940.54,385.2,15.7,44.8,14170,257.1,96.4,28.6,527.25,3.52
常州,2019年9月,940.54,385.2,15.7,44.8,14170,257.1,110.8,25.3,527.25,3.568136071
常州,2019年10月,940.54,385.2,15.7,44.8,14170,257.1,19.1,19.3,527.25,4.7
常州,2019年11月,940.54,385.2,15.7,44.8,14170,257.1,17.4,13.1,527.25,5.04
常州,2019年12月,940.54,385.2,15.7,44.8,14170,257.1,44.2,5.1,527.25,5.63
常州,2020年1月,940.54,400.18,15.7,44.8,14170,257.1,28.3,5,527.96,5.52
常州,2020年2月,940.54,400.18,15.7,44.8,14170,257.1,67.1,6.4,527.96,3.57
常州,2020年3月,940.54,400.18,15.7,44.8,14170,257.1,60.9,13,527.96,4.22
常州,2020年4月,940.54,400.18,15.7,44.8,14170,257.1,41.1,17.4,527.96,4.79
常州,2020年5月,940.54,400.18,15.7,44.8,14170,257.1,69.7,22.1,527.96,4.67
常州,2020年6月,940.54,400.18,15.7,44.8,14170,257.1,382,26,527.96,3.47
常州,2020年7月,940.54,400.18,15.7,44.8,14170,257.1,280.8,29.4,527.96,3.44
常州,2020年8月,940.54,400.18,15.7,44.8,14170,257.1,96.4,28.6,527.96,3.38
常州,2020年9月,940.54,400.18,15.7,44.8,14170,257.1,110.8,25.3,527.96,4.2
常州,2020年10月,940.54,400.18,15.7,44.8,14170,257.1,19.1,19.3,527.96,4.12
常州,2020年11月,940.54,400.18,15.7,44.8,14170,257.1,17.4,13.1,527.96,4.56
常州,2020年12月,940.54,400.18,15.7,44.8,14170,257.1,44.2,5.1,527.96,5.8
常州,2021年1月,940.54,449.65,15.7,44.8,14170,257.1,28.3,5,534.96,5.36
常州,2021年2月,940.54,449.65,15.7,44.8,14170,257.1,67.1,6.4,534.96,3.87
常州,2021年3月,940.54,449.65,15.7,44.8,14170,257.1,60.9,13,534.96,4.99
常州,2021年4月,940.54,449.65,15.7,44.8,14170,257.1,41.1,17.4,534.96,4.45
常州,2021年5月,940.54,449.65,15.7,44.8,14170,257.1,69.7,22.1,534.96,4.12
常州,2021年6月,940.54,449.65,15.7,44.8,14170,257.1,382,26,534.96,3.9
常州,2021年7月,940.54,449.65,15.7,44.8,14170,257.1,280.8,29.4,534.96,2.84
常州,2021年8月,940.54,449.65,15.7,44.8,14170,257.1,96.4,28.6,534.96,3.54
常州,2021年9月,940.54,449.65,15.7,44.8,14170,257.1,110.8,25.3,534.96,3.62
常州,2021年10月,940.54,449.65,15.7,44.8,14170,257.1,19.1,19.3,534.96,3.93
常州,2021年11月,940.54,449.65,15.7,44.8,14170,257.1,17.4,13.1,534.96,4.64
常州,2021年12月,940.54,449.65,15.7,44.8,14170,257.1,44.2,5.1,534.96,5.5
常州,2022年1月,940.54,456.39,15.7,44.8,14170,257.1,28.3,5,536.62,5.11
常州,2022年2月,940.54,456.39,15.7,44.8,14170,257.1,67.1,6.4,536.62,3.89
常州,2022年3月,940.54,456.39,15.7,44.8,14170,257.1,60.9,13,536.62,4.12
常州,2022年4月,940.54,456.39,15.7,44.8,14170,257.1,41.1,17.4,536.62,3.95
常州,2022年5月,940.54,456.39,15.7,44.8,14170,257.1,69.7,22.1,536.62,3.86
常州,2022年6月,940.54,456.39,15.7,44.8,14170,257.1,382,26,536.62,3.26
常州,2022年7月,940.54,456.39,15.7,44.8,14170,257.1,280.8,29.4,536.62,2.85
常州,2022年8月,940.54,456.39,15.7,44.8,14170,257.1,96.4,28.6,536.62,3.02
常州,2022年9月,940.54,456.39,15.7,44.8,14170,257.1,110.8,25.3,536.62,3.23
常州,2022年10月,940.54,456.39,15.7,44.8,14170,257.1,19.1,19.3,536.62,3.22
常州,2022年11月,940.54,456.39,15.7,44.8,14170,257.1,17.4,13.1,536.62,3.9
常州,2022年12月,940.54,456.39,15.7,44.8,14170,257.1,44.2,5.1,536.62,4.57
常州,2023年1月,940.54,466.36,15.7,44.8,14170,257.1,28.3,5,537.5,
常州,2023年2月,940.54,466.36,15.7,44.8,14170,257.1,67.1,6.4,537.5,
常州,2023年3月,940.54,466.36,15.7,44.8,14170,257.1,60.9,13,537.5,
常州,2023年4月,940.54,466.36,15.7,44.8,14170,257.1,41.1,17.4,537.5,
常州,2023年5月,940.54,466.36,15.7,44.8,14170,257.1,69.7,22.1,537.5,
常州,2023年6月,940.54,466.36,15.7,44.8,14170,257.1,382,26,537.5,
常州,2023年7月,940.54,466.36,15.7,44.8,14170,257.1,280.8,29.4,537.5,
常州,2023年8月,940.54,466.36,15.7,44.8,14170,257.1,96.4,28.6,537.5,
常州,2023年9月,940.54,466.36,15.7,44.8,14170,257.1,110.8,25.3,537.5,
常州,2023年10月,940.54,466.36,15.7,44.8,14170,257.1,19.1,19.3,537.5,
常州,2023年11月,940.54,466.36,15.7,44.8,14170,257.1,17.4,13.1,537.5,
常州,2023年12月,940.54,466.36,15.7,44.8,14170,257.1,44.2,5.1,537.5,
徐州,2018年7月,387.32,219.91,17.6,43.2,13777,149.9,254.3,28.8,903.35,3.58
徐州,2018年8月,387.32,219.91,17.6,43.2,13777,149.9,126,28.3,903.35,4.1
徐州,2018年9月,387.32,219.91,17.6,43.2,13777,149.9,127.3,23.9,903.35,4.74
徐州,2018年10月,387.32,219.91,17.6,43.2,13777,149.9,8.6,18.3,903.35,6.5
徐州,2018年11月,387.32,219.91,17.6,43.2,13777,149.9,18.5,10,903.35,7.03
徐州,2018年12月,387.32,219.91,17.6,43.2,13777,149.9,19.3,2.3,903.35,6.74
徐州,2019年1月,387.32,229.54,17.6,43.2,13777,149.9,26,2,906.28,7.5
徐州,2019年2月,387.32,229.54,17.6,43.2,13777,149.9,31.1,5.1,906.28,7.05
徐州,2019年3月,387.32,229.54,17.6,43.2,13777,149.9,10,12.9,906.28,5.85
徐州,2019年4月,387.32,229.54,17.6,43.2,13777,149.9,60.1,16.4,906.28,4.9
徐州,2019年5月,387.32,229.54,17.6,43.2,13777,149.9,202.8,21.8,906.28,4.64
徐州,2019年6月,387.32,229.54,17.6,43.2,13777,149.9,70.6,26.6,906.28,4.37
徐州,2019年7月,387.32,229.54,17.6,43.2,13777,149.9,254.3,28.8,906.28,3.66
徐州,2019年8月,387.32,229.54,17.6,43.2,13777,149.9,126,28.3,906.28,3.46
徐州,2019年9月,387.32,229.54,17.6,43.2,13777,149.9,127.3,23.9,906.28,4.7
徐州,2019年10月,387.32,229.54,17.6,43.2,13777,149.9,8.6,18.3,906.28,5.26
徐州,2019年11月,387.32,229.54,17.6,43.2,13777,149.9,18.5,10,906.28,5.97
徐州,2019年12月,387.32,229.54,17.6,43.2,13777,149.9,19.3,2.3,906.28,6.13
徐州,2020年1月,387.32,219.17,17.6,43.2,13777,149.9,26,2,908.39,7.12
徐州,2020年2月,387.32,219.17,17.6,43.2,13777,149.9,31.1,5.1,908.39,4.18
徐州,2020年3月,387.32,219.17,17.6,43.2,13777,149.9,10,12.9,908.39,4.76
徐州,2020年4月,387.32,219.17,17.6,43.2,13777,149.9,60.1,16.4,908.39,4.58
徐州,2020年5月,387.32,219.17,17.6,43.2,13777,149.9,202.8,21.8,908.39,4.24
徐州,2020年6月,387.32,219.17,17.6,43.2,13777,149.9,70.6,26.6,908.39,3.96
徐州,2020年7月,387.32,219.17,17.6,43.2,13777,149.9,254.3,28.8,908.39,3.33
徐州,2020年8月,387.32,219.17,17.6,43.2,13777,149.9,126,28.3,908.39,3.24
徐州,2020年9月,387.32,219.17,17.6,43.2,13777,149.9,127.3,23.9,908.39,4.43
徐州,2020年10月,387.32,219.17,17.6,43.2,13777,149.9,8.6,18.3,908.39,5.17
徐州,2020年11月,387.32,219.17,17.6,43.2,13777,149.9,18.5,10,908.39,5.37
徐州,2020年12月,387.32,219.17,17.6,43.2,13777,149.9,19.3,2.3,908.39,6.91
徐州,2021年1月,387.32,229.4,17.6,43.2,13777,149.9,26,2,902.85,6.48
徐州,2021年2月,387.32,229.4,17.6,43.2,13777,149.9,31.1,5.1,902.85,4.23
徐州,2021年3月,387.32,229.4,17.6,43.2,13777,149.9,10,12.9,902.85,4.53
徐州,2021年4月,387.32,229.4,17.6,43.2,13777,149.9,60.1,16.4,902.85,4.06
徐州,2021年5月,387.32,229.4,17.6,43.2,13777,149.9,202.8,21.8,902.85,3.68
徐州,2021年6月,387.32,229.4,17.6,43.2,13777,149.9,70.6,26.6,902.85,4.08
徐州,2021年7月,387.32,229.4,17.6,43.2,13777,149.9,254.3,28.8,902.85,2.41
徐州,2021年8月,387.32,229.4,17.6,43.2,13777,149.9,126,28.3,902.85,3.12
徐州,2021年9月,387.32,229.4,17.6,43.2,13777,149.9,127.3,23.9,902.85,3.35
徐州,2021年10月,387.32,229.4,17.6,43.2,13777,149.9,8.6,18.3,902.85,4.73
徐州,2021年11月,387.32,229.4,17.6,43.2,13777,149.9,18.5,10,902.85,5.61
徐州,2021年12月,387.32,229.4,17.6,43.2,13777,149.9,19.3,2.3,902.85,5.79
徐州,2022年1月,387.32,249.2,17.6,43.2,13777,149.9,26,2,901.85,6.23
徐州,2022年2月,387.32,249.2,17.6,43.2,13777,149.9,31.1,5.1,901.85,4.62
徐州,2022年3月,387.32,249.2,17.6,43.2,13777,149.9,10,12.9,901.85,4.3
徐州,2022年4月,387.32,249.2,17.6,43.2,13777,149.9,60.1,16.4,901.85,3.69
徐州,2022年5月,387.32,249.2,17.6,43.2,13777,149.9,202.8,21.8,901.85,3.63
徐州,2022年6月,387.32,249.2,17.6,43.2,13777,149.9,70.6,26.6,901.85,3.73
徐州,2022年7月,387.32,249.2,17.6,43.2,13777,149.9,254.3,28.8,901.85,2.92
徐州,2022年8月,387.32,249.2,17.6,43.2,13777,149.9,126,28.3,901.85,2.97
徐州,2022年9月,387.32,249.2,17.6,43.2,13777,149.9,127.3,23.9,901.85,3.84
徐州,2022年10月,387.32,249.2,17.6,43.2,13777,149.9,8.6,18.3,901.85,4.03
徐州,2022年11月,387.32,249.2,17.6,43.2,13777,149.9,18.5,10,901.85,4.63
徐州,2022年12月,387.32,249.2,17.6,43.2,13777,149.9,19.3,2.3,901.85,5.67
徐州,2023年1月,387.32,260.59,17.6,43.2,13777,149.9,26,2,902,
徐州,2023年2月,387.32,260.59,17.6,43.2,13777,149.9,31.1,5.1,902,
徐州,2023年3月,387.32,260.59,17.6,43.2,13777,149.9,10,12.9,902,
徐州,2023年4月,387.32,260.59,17.6,43.2,13777,149.9,60.1,16.4,902,
徐州,2023年5月,387.32,260.59,17.6,43.2,13777,149.9,202.8,21.8,902,
徐州,2023年6月,387.32,260.59,17.6,43.2,13777,149.9,70.6,26.6,902,
徐州,2023年7月,387.32,260.59,17.6,43.2,13777,149.9,254.3,28.8,902,
徐州,2023年8月,387.32,260.59,17.6,43.2,13777,149.9,126,28.3,902,
徐州,2023年9月,387.32,260.59,17.6,43.2,13777,149.9,127.3,23.9,902,
徐州,2023年10月,387.32,260.59,17.6,43.2,13777,149.9,8.6,18.3,902,
徐州,2023年11月,387.32,260.59,17.6,43.2,13777,149.9,18.5,10,902,
徐州,2023年12月,387.32,260.59,17.6,43.2,13777,149.9,19.3,2.3,902,
扬州,2018年7月,301.85,165.64,18.4,44,5326,204.2,625.1,28.8,453.1,4.15
扬州,2018年8月,301.85,165.64,18.4,44,5326,204.2,92.6,28.2,453.1,3.41
扬州,2018年9月,301.85,165.64,18.4,44,5326,204.2,216.7,24.5,453.1,3.87
扬州,2018年10月,301.85,165.64,18.4,44,5326,204.2,26.2,18.4,453.1,4.7
扬州,2018年11月,301.85,165.64,18.4,44,5326,204.2,22.2,11.7,453.1,5.64
扬州,2018年12月,301.85,165.64,18.4,44,5326,204.2,59.5,3.8,453.1,5
扬州,2019年1月,301.85,171.95,18.4,44,5326,204.2,40.9,3.7,454.9,5.87
扬州,2019年2月,301.85,171.95,18.4,44,5326,204.2,69,5.5,454.9,4.66
扬州,2019年3月,301.85,171.95,18.4,44,5326,204.2,35.5,12.8,454.9,5.52
扬州,2019年4月,301.85,171.95,18.4,44,5326,204.2,43.1,17,454.9,4.53
扬州,2019年5月,301.85,171.95,18.4,44,5326,204.2,72.5,21.8,454.9,4.73
扬州,2019年6月,301.85,171.95,18.4,44,5326,204.2,246,25.7,454.9,4.25
扬州,2019年7月,301.85,171.95,18.4,44,5326,204.2,625.1,28.8,454.9,3.94
扬州,2019年8月,301.85,171.95,18.4,44,5326,204.2,92.6,28.2,454.9,3.09
扬州,2019年9月,301.85,171.95,18.4,44,5326,204.2,216.7,24.5,454.9,3.19
扬州,2019年10月,301.85,171.95,18.4,44,5326,204.2,26.2,18.4,454.9,4.11
扬州,2019年11月,301.85,171.95,18.4,44,5326,204.2,22.2,11.7,454.9,4.61
扬州,2019年12月,301.85,171.95,18.4,44,5326,204.2,59.5,3.8,454.9,4.82
扬州,2020年1月,301.85,174.54,18.4,44,5326,204.2,40.9,3.7,456.1,5
扬州,2020年2月,301.85,174.54,18.4,44,5326,204.2,69,5.5,456.1,3.11
扬州,2020年3月,301.85,174.54,18.4,44,5326,204.2,35.5,12.8,456.1,3.73
扬州,2020年4月,301.85,174.54,18.4,44,5326,204.2,43.1,17,456.1,4.47
扬州,2020年5月,301.85,174.54,18.4,44,5326,204.2,72.5,21.8,456.1,4.34
扬州,2020年6月,301.85,174.54,18.4,44,5326,204.2,246,25.7,456.1,3.63
扬州,2020年7月,301.85,174.54,18.4,44,5326,204.2,625.1,28.8,456.1,3.819398254
扬州,2020年8月,301.85,174.54,18.4,44,5326,204.2,92.6,28.2,456.1,3.19
扬州,2020年9月,301.85,174.54,18.4,44,5326,204.2,216.7,24.5,456.1,3.84
扬州,2020年10月,301.85,174.54,18.4,44,5326,204.2,26.2,18.4,456.1,3.75
扬州,2020年11月,301.85,174.54,18.4,44,5326,204.2,22.2,11.7,456.1,3.88
扬州,2020年12月,301.85,174.54,18.4,44,5326,204.2,59.5,3.8,456.1,5.66
扬州,2021年1月,301.85,189.62,18.4,44,5326,204.2,40.9,3.7,457.7,5.06
扬州,2021年2月,301.85,189.62,18.4,44,5326,204.2,69,5.5,457.7,3.63
扬州,2021年3月,301.85,189.62,18.4,44,5326,204.2,35.5,12.8,457.7,4.32
扬州,2021年4月,301.85,189.62,18.4,44,5326,204.2,43.1,17,457.7,3.76
扬州,2021年5月,301.85,189.62,18.4,44,5326,204.2,72.5,21.8,457.7,4.01
扬州,2021年6月,301.85,189.62,18.4,44,5326,204.2,246,25.7,457.7,4
扬州,2021年7月,301.85,189.62,18.4,44,5326,204.2,625.1,28.8,457.7,2.78
扬州,2021年8月,301.85,189.62,18.4,44,5326,204.2,92.6,28.2,457.7,2.85
扬州,2021年9月,301.85,189.62,18.4,44,5326,204.2,216.7,24.5,457.7,3.31
扬州,2021年10月,301.85,189.62,18.4,44,5326,204.2,26.2,18.4,457.7,3.62
扬州,2021年11月,301.85,189.62,18.4,44,5326,204.2,22.2,11.7,457.7,4.45
扬州,2021年12月,301.85,189.62,18.4,44,5326,204.2,59.5,3.8,457.7,5.16
扬州,2022年1月,301.85,200.15,18.4,44,5326,204.2,40.9,3.7,458.29,4.94
扬州,2022年2月,301.85,200.15,18.4,44,5326,204.2,69,5.5,458.29,3.93
扬州,2022年3月,301.85,200.15,18.4,44,5326,204.2,35.5,12.8,458.29,4.11
扬州,2022年4月,301.85,200.15,18.4,44,5326,204.2,43.1,17,458.29,3.88
扬州,2022年5月,301.85,200.15,18.4,44,5326,204.2,72.5,21.8,458.29,3.8
扬州,2022年6月,301.85,200.15,18.4,44,5326,204.2,246,25.7,458.29,3.42
扬州,2022年7月,301.85,200.15,18.4,44,5326,204.2,625.1,28.8,458.29,2.85
扬州,2022年8月,301.85,200.15,18.4,44,5326,204.2,92.6,28.2,458.29,3.06
扬州,2022年9月,301.85,200.15,18.4,44,5326,204.2,216.7,24.5,458.29,2.81
扬州,2022年10月,301.85,200.15,18.4,44,5326,204.2,26.2,18.4,458.29,2.92
扬州,2022年11月,301.85,200.15,18.4,44,5326,204.2,22.2,11.7,458.29,3.48
扬州,2022年12月,301.85,200.15,18.4,44,5326,204.2,59.5,3.8,458.29,4.37
扬州,2023年1月,301.85,214.66,18.4,44,5326,204.2,40.9,3.7,458.5,
扬州,2023年2月,301.85,214.66,18.4,44,5326,204.2,69,5.5,458.5,
扬州,2023年3月,301.85,214.66,18.4,44,5326,204.2,35.5,12.8,458.5,
扬州,2023年4月,301.85,214.66,18.4,44,5326,204.2,43.1,17,458.5,
扬州,2023年5月,301.85,214.66,18.4,44,5326,204.2,72.5,21.8,458.5,
扬州,2023年6月,301.85,214.66,18.4,44,5326,204.2,246,25.7,458.5,
扬州,2023年7月,301.85,214.66,18.4,44,5326,204.2,625.1,28.8,458.5,
扬州,2023年8月,301.85,214.66,18.4,44,5326,204.2,92.6,28.2,458.5,
扬州,2023年9月,301.85,214.66,18.4,44,5326,204.2,216.7,24.5,458.5,
扬州,2023年10月,301.85,214.66,18.4,44,5326,204.2,26.2,18.4,458.5,
扬州,2023年11月,301.85,214.66,18.4,44,5326,204.2,22.2,11.7,458.5,
扬州,2023年12月,301.85,214.66,18.4,44,5326,204.2,59.5,3.8,458.5,
无锡,2018年7月,1933.47,551.49,15.3,44.5,21520,200.8,289.1,29.8,742.53,3.42
无锡,2018年8月,1933.47,551.49,15.3,44.5,21520,200.8,141.6,29,742.53,3.37
无锡,2018年9月,1933.47,551.49,15.3,44.5,21520,200.8,166.5,25.7,742.53,4.28
无锡,2018年10月,1933.47,551.49,15.3,44.5,21520,200.8,12.1,19.5,742.53,4.7
无锡,2018年11月,1933.47,551.49,15.3,44.5,21520,200.8,15.5,13.3,742.53,5.51
无锡,2018年12月,1933.47,551.49,15.3,44.5,21520,200.8,44.6,5.5,742.53,5
无锡,2019年1月,1933.47,563.31,15.3,44.5,21520,200.8,42.6,5.4,745.36,5.5
无锡,2019年2月,1933.47,563.31,15.3,44.5,21520,200.8,67.7,6.9,745.36,4.53
无锡,2019年3月,1933.47,563.31,15.3,44.5,21520,200.8,76.9,13.1,745.36,5.12
无锡,2019年4月,1933.47,563.31,15.3,44.5,21520,200.8,33.5,17.8,745.36,4.74
无锡,2019年5月,1933.47,563.31,15.3,44.5,21520,200.8,68.6,22.2,745.36,4.64
无锡,2019年6月,1933.47,563.31,15.3,44.5,21520,200.8,307.3,25.9,745.36,4.02
无锡,2019年7月,1933.47,563.31,15.3,44.5,21520,200.8,289.1,29.8,745.36,3.66
无锡,2019年8月,1933.47,563.31,15.3,44.5,21520,200.8,141.6,29,745.36,3.52
无锡,2019年9月,1933.47,563.31,15.3,44.5,21520,200.8,166.5,25.7,745.36,3.81
无锡,2019年10月,1933.47,563.31,15.3,44.5,21520,200.8,12.1,19.5,745.36,4.54
无锡,2019年11月,1933.47,563.31,15.3,44.5,21520,200.8,15.5,13.3,745.36,4.51
无锡,2019年12月,1933.47,563.31,15.3,44.5,21520,200.8,44.6,5.5,745.36,5.14
无锡,2020年1月,1933.47,569.39,15.3,44.5,21520,200.8,42.6,5.4,746.4,4.87
无锡,2020年2月,1933.47,569.39,15.3,44.5,21520,200.8,67.7,6.9,746.4,3.13
无锡,2020年3月,1933.47,569.39,15.3,44.5,21520,200.8,76.9,13.1,746.4,3.68
无锡,2020年4月,1933.47,569.39,15.3,44.5,21520,200.8,33.5,17.8,746.4,4.33
无锡,2020年5月,1933.47,569.39,15.3,44.5,21520,200.8,68.6,22.2,746.4,4.32
无锡,2020年6月,1933.47,569.39,15.3,44.5,21520,200.8,307.3,25.9,746.4,3.22
无锡,2020年7月,1933.47,569.39,15.3,44.5,21520,200.8,289.1,29.8,746.4,3.43
无锡,2020年8月,1933.47,569.39,15.3,44.5,21520,200.8,141.6,29,746.4,3.23
无锡,2020年9月,1933.47,569.39,15.3,44.5,21520,200.8,166.5,25.7,746.4,4.05
无锡,2020年10月,1933.47,569.39,15.3,44.5,21520,200.8,12.1,19.5,746.4,3.55
无锡,2020年11月,1933.47,569.39,15.3,44.5,21520,200.8,15.5,13.3,746.4,4.01
无锡,2020年12月,1933.47,569.39,15.3,44.5,21520,200.8,44.6,5.5,746.4,5.41
无锡,2021年1月,1933.47,620.25,15.3,44.5,21520,200.8,42.6,5.4,747.95,4.87
无锡,2021年2月,1933.47,620.25,15.3,44.5,21520,200.8,67.7,6.9,747.95,3.33
无锡,2021年3月,1933.47,620.25,15.3,44.5,21520,200.8,76.9,13.1,747.95,4.28
无锡,2021年4月,1933.47,620.25,15.3,44.5,21520,200.8,33.5,17.8,747.95,3.95
无锡,2021年5月,1933.47,620.25,15.3,44.5,21520,200.8,68.6,22.2,747.95,3.85
无锡,2021年6月,1933.47,620.25,15.3,44.5,21520,200.8,307.3,25.9,747.95,3.56
无锡,2021年7月,1933.47,620.25,15.3,44.5,21520,200.8,289.1,29.8,747.95,2.57
无锡,2021年8月,1933.47,620.25,15.3,44.5,21520,200.8,141.6,29,747.95,3.24
无锡,2021年9月,1933.47,620.25,15.3,44.5,21520,200.8,166.5,25.7,747.95,3.29
无锡,2021年10月,1933.47,620.25,15.3,44.5,21520,200.8,12.1,19.5,747.95,3.27
无锡,2021年11月,1933.47,620.25,15.3,44.5,21520,200.8,15.5,13.3,747.95,3.93
无锡,2021年12月,1933.47,620.25,15.3,44.5,21520,200.8,44.6,5.5,747.95,4.8
无锡,2022年1月,1933.47,600.4,15.3,44.5,21520,200.8,42.6,5.4,749.08,4.41
无锡,2022年2月,1933.47,600.4,15.3,44.5,21520,200.8,67.7,6.9,749.08,3.51
无锡,2022年3月,1933.47,600.4,15.3,44.5,21520,200.8,76.9,13.1,749.08,4
无锡,2022年4月,1933.47,600.4,15.3,44.5,21520,200.8,33.5,17.8,749.08,3.66
无锡,2022年5月,1933.47,600.4,15.3,44.5,21520,200.8,68.6,22.2,749.08,3.38
无锡,2022年6月,1933.47,600.4,15.3,44.5,21520,200.8,307.3,25.9,749.08,3.03
无锡,2022年7月,1933.47,600.4,15.3,44.5,21520,200.8,289.1,29.8,749.08,2.81
无锡,2022年8月,1933.47,600.4,15.3,44.5,21520,200.8,141.6,29,749.08,3.09
无锡,2022年9月,1933.47,600.4,15.3,44.5,21520,200.8,166.5,25.7,749.08,3.04
无锡,2022年10月,1933.47,600.4,15.3,44.5,21520,200.8,12.1,19.5,749.08,3.04
无锡,2022年11月,1933.47,600.4,15.3,44.5,21520,200.8,15.5,13.3,749.08,3.44
无锡,2022年12月,1933.47,600.4,15.3,44.5,21520,200.8,44.6,5.5,749.08,4.27
无锡,2023年1月,1933.47,615.03,15.3,44.5,21520,200.8,42.6,5.4,749.5,
无锡,2023年2月,1933.47,615.03,15.3,44.5,21520,200.8,67.7,6.9,749.5,
无锡,2023年3月,1933.47,615.03,15.3,44.5,21520,200.8,76.9,13.1,749.5,
无锡,2023年4月,1933.47,615.03,15.3,44.5,21520,200.8,33.5,17.8,749.5,
无锡,2023年5月,1933.47,615.03,15.3,44.5,21520,200.8,68.6,22.2,749.5,
无锡,2023年6月,1933.47,615.03,15.3,44.5,21520,200.8,307.3,25.9,749.5,
无锡,2023年7月,1933.47,615.03,15.3,44.5,21520,200.8,289.1,29.8,749.5,
无锡,2023年8月,1933.47,615.03,15.3,44.5,21520,200.8,141.6,29,749.5,
无锡,2023年9月,1933.47,615.03,15.3,44.5,21520,200.8,166.5,25.7,749.5,
无锡,2023年10月,1933.47,615.03,15.3,44.5,21520,200.8,12.1,19.5,749.5,
无锡,2023年11月,1933.47,615.03,15.3,44.5,21520,200.8,15.5,13.3,749.5,
无锡,2023年12月,1933.47,615.03,15.3,44.5,21520,200.8,44.6,5.5,749.5,
泰州,2018年7月,509.85,205.74,18.7,44.5,3590,207.6,603.5,28.4,453.01,3.45
泰州,2018年8月,509.85,205.74,18.7,44.5,3590,207.6,188.8,27.9,453.01,2.88
泰州,2018年9月,509.85,205.74,18.7,44.5,3590,207.6,173.4,24.4,453.01,3.68
泰州,2018年10月,509.85,205.74,18.7,44.5,3590,207.6,30.2,18.5,453.01,4.28
泰州,2018年11月,509.85,205.74,18.7,44.5,3590,207.6,24.4,11.7,453.01,5.21
泰州,2018年12月,509.85,205.74,18.7,44.5,3590,207.6,54.9,4,453.01,4.69
泰州,2019年1月,509.85,212.36,18.7,44.5,3590,207.6,45.6,3.5,452.3,5.38
泰州,2019年2月,509.85,212.36,18.7,44.5,3590,207.6,62.6,5.3,452.3,4.53
泰州,2019年3月,509.85,212.36,18.7,44.5,3590,207.6,33.8,11.9,452.3,5.21
泰州,2019年4月,509.85,212.36,18.7,44.5,3590,207.6,27.2,16.2,452.3,4.41
泰州,2019年5月,509.85,212.36,18.7,44.5,3590,207.6,146.4,20.9,452.3,4.75
泰州,2019年6月,509.85,212.36,18.7,44.5,3590,207.6,240.6,25,452.3,4.3
泰州,2019年7月,509.85,212.36,18.7,44.5,3590,207.6,603.5,28.4,452.3,3.61
泰州,2019年8月,509.85,212.36,18.7,44.5,3590,207.6,188.8,27.9,452.3,2.9
泰州,2019年9月,509.85,212.36,18.7,44.5,3590,207.6,173.4,24.4,452.3,2.96
泰州,2019年10月,509.85,212.36,18.7,44.5,3590,207.6,30.2,18.5,452.3,3.79
泰州,2019年11月,509.85,212.36,18.7,44.5,3590,207.6,24.4,11.7,452.3,4.04
泰州,2019年12月,509.85,212.36,18.7,44.5,3590,207.6,54.9,4,452.3,4.94
泰州,2020年1月,509.85,221.14,18.7,44.5,3590,207.6,45.6,3.5,451.68,4.75
泰州,2020年2月,509.85,221.14,18.7,44.5,3590,207.6,62.6,5.3,451.68,3.33
泰州,2020年3月,509.85,221.14,18.7,44.5,3590,207.6,33.8,11.9,451.68,3.71
泰州,2020年4月,509.85,221.14,18.7,44.5,3590,207.6,27.2,16.2,451.68,4.26
泰州,2020年5月,509.85,221.14,18.7,44.5,3590,207.6,146.4,20.9,451.68,4.19
泰州,2020年6月,509.85,221.14,18.7,44.5,3590,207.6,240.6,25,451.68,3.11
泰州,2020年7月,509.85,221.14,18.7,44.5,3590,207.6,603.5,28.4,451.68,2.71
泰州,2020年8月,509.85,221.14,18.7,44.5,3590,207.6,188.8,27.9,451.68,3.12
泰州,2020年9月,509.85,221.14,18.7,44.5,3590,207.6,173.4,24.4,451.68,3.47
泰州,2020年10月,509.85,221.14,18.7,44.5,3590,207.6,30.2,18.5,451.68,3.22
泰州,2020年11月,509.85,221.14,18.7,44.5,3590,207.6,24.4,11.7,451.68,3.56
泰州,2020年12月,509.85,221.14,18.7,44.5,3590,207.6,54.9,4,451.68,5.11
泰州,2021年1月,509.85,240.15,18.7,44.5,3590,207.6,45.6,3.5,452.18,4.81
泰州,2021年2月,509.85,240.15,18.7,44.5,3590,207.6,62.6,5.3,452.18,3.54
泰州,2021年3月,509.85,240.15,18.7,44.5,3590,207.6,33.8,11.9,452.18,3.75
泰州,2021年4月,509.85,240.15,18.7,44.5,3590,207.6,27.2,16.2,452.18,3.35
泰州,2021年5月,509.85,240.15,18.7,44.5,3590,207.6,146.4,20.9,452.18,3.67
泰州,2021年6月,509.85,240.15,18.7,44.5,3590,207.6,240.6,25,452.18,3.39
泰州,2021年7月,509.85,240.15,18.7,44.5,3590,207.6,603.5,28.4,452.18,2.43
泰州,2021年8月,509.85,240.15,18.7,44.5,3590,207.6,188.8,27.9,452.18,2.65
泰州,2021年9月,509.85,240.15,18.7,44.5,3590,207.6,173.4,24.4,452.18,3
泰州,2021年10月,509.85,240.15,18.7,44.5,3590,207.6,30.2,18.5,452.18,3.12
泰州,2021年11月,509.85,240.15,18.7,44.5,3590,207.6,24.4,11.7,452.18,4.1
泰州,2021年12月,509.85,240.15,18.7,44.5,3590,207.6,54.9,4,452.18,4.7
泰州,2022年1月,509.85,254.53,18.7,44.5,3590,207.6,45.6,3.5,450.56,4.53
泰州,2022年2月,509.85,254.53,18.7,44.5,3590,207.6,62.6,5.3,450.56,3.59
泰州,2022年3月,509.85,254.53,18.7,44.5,3590,207.6,33.8,11.9,450.56,4.12
泰州,2022年4月,509.85,254.53,18.7,44.5,3590,207.6,27.2,16.2,450.56,4.02
泰州,2022年5月,509.85,254.53,18.7,44.5,3590,207.6,146.4,20.9,450.56,3.58
泰州,2022年6月,509.85,254.53,18.7,44.5,3590,207.6,240.6,25,450.56,3.23
泰州,2022年7月,509.85,254.53,18.7,44.5,3590,207.6,603.5,28.4,450.56,2.77
泰州,2022年8月,509.85,254.53,18.7,44.5,3590,207.6,188.8,27.9,450.56,3.02
泰州,2022年9月,509.85,254.53,18.7,44.5,3590,207.6,173.4,24.4,450.56,2.66
泰州,2022年10月,509.85,254.53,18.7,44.5,3590,207.6,30.2,18.5,450.56,2.78
泰州,2022年11月,509.85,254.53,18.7,44.5,3590,207.6,24.4,11.7,450.56,3.37
泰州,2022年12月,509.85,254.53,18.7,44.5,3590,207.6,54.9,4,450.56,4.39
泰州,2023年1月,509.85,268.2,18.7,44.5,3590,207.6,45.6,3.5,450.7,
泰州,2023年2月,509.85,268.2,18.7,44.5,3590,207.6,62.6,5.3,450.7,
泰州,2023年3月,509.85,268.2,18.7,44.5,3590,207.6,33.8,11.9,450.7,
泰州,2023年4月,509.85,268.2,18.7,44.5,3590,207.6,27.2,16.2,450.7,
泰州,2023年5月,509.85,268.2,18.7,44.5,3590,207.6,146.4,20.9,450.7,
泰州,2023年6月,509.85,268.2,18.7,44.5,3590,207.6,240.6,25,450.7,
泰州,2023年7月,509.85,268.2,18.7,44.5,3590,207.6,603.5,28.4,450.7,
泰州,2023年8月,509.85,268.2,18.7,44.5,3590,207.6,188.8,27.9,450.7,
泰州,2023年9月,509.85,268.2,18.7,44.5,3590,207.6,173.4,24.4,450.7,
泰州,2023年10月,509.85,268.2,18.7,44.5,3590,207.6,30.2,18.5,450.7,
泰州,2023年11月,509.85,268.2,18.7,44.5,3590,207.6,24.4,11.7,450.7,
泰州,2023年12月,509.85,268.2,18.7,44.5,3590,207.6,54.9,4,450.7,
淮安,2018年7月,181.19,115.97,17.6,44.6,13534,218.6,308.6,27.9,464.63,3.26
淮安,2018年8月,181.19,115.97,17.6,44.6,13534,218.6,275.7,27.1,464.63,3.16
淮安,2018年9月,181.19,115.97,17.6,44.6,13534,218.6,108,23,464.63,4.01
淮安,2018年10月,181.19,115.97,17.6,44.6,13534,218.6,8.1,17.5,464.63,4.38
淮安,2018年11月,181.19,115.97,17.6,44.6,13534,218.6,47.7,10.2,464.63,4.18
淮安,2018年12月,181.19,115.97,17.6,44.6,13534,218.6,67.7,2.6,464.63,4.3
淮安,2019年1月,181.19,117.37,17.6,44.6,13534,218.6,41.7,2.6,464.09,6.08
淮安,2019年2月,181.19,117.37,17.6,44.6,13534,218.6,39.2,4.6,464.09,5.24
淮安,2019年3月,181.19,117.37,17.6,44.6,13534,218.6,40.4,11.8,464.09,4.75
淮安,2019年4月,181.19,117.37,17.6,44.6,13534,218.6,47.1,15.6,464.09,3.92
淮安,2019年5月,181.19,117.37,17.6,44.6,13534,218.6,89.4,20.3,464.09,4.34
淮安,2019年6月,181.19,117.37,17.6,44.6,13534,218.6,152.5,25.3,464.09,3.7
淮安,2019年7月,181.19,117.37,17.6,44.6,13534,218.6,308.6,27.9,464.09,3.09
淮安,2019年8月,181.19,117.37,17.6,44.6,13534,218.6,275.7,27.1,464.09,2.68
淮安,2019年9月,181.19,117.37,17.6,44.6,13534,218.6,108,23,464.09,3.35
淮安,2019年10月,181.19,117.37,17.6,44.6,13534,218.6,8.1,17.5,464.09,4.57
淮安,2019年11月,181.19,117.37,17.6,44.6,13534,218.6,47.7,10.2,464.09,4.68
淮安,2019年12月,181.19,117.37,17.6,44.6,13534,218.6,67.7,2.6,464.09,5.09
淮安,2020年1月,181.19,117.62,17.6,44.6,13534,218.6,41.7,2.6,455.92,5.2
淮安,2020年2月,181.19,117.62,17.6,44.6,13534,218.6,39.2,4.6,455.92,3.45
淮安,2020年3月,181.19,117.62,17.6,44.6,13534,218.6,40.4,11.8,455.92,3.77
淮安,2020年4月,181.19,117.62,17.6,44.6,13534,218.6,47.1,15.6,455.92,4.24
淮安,2020年5月,181.19,117.62,17.6,44.6,13534,218.6,89.4,20.3,455.92,3.84
淮安,2020年6月,181.19,117.62,17.6,44.6,13534,218.6,152.5,25.3,455.92,3.26
淮安,2020年7月,181.19,117.62,17.6,44.6,13534,218.6,308.6,27.9,455.92,2.57
淮安,2020年8月,181.19,117.62,17.6,44.6,13534,218.6,275.7,27.1,455.92,2.76
淮安,2020年9月,181.19,117.62,17.6,44.6,13534,218.6,108,23,455.92,3.61
淮安,2020年10月,181.19,117.62,17.6,44.6,13534,218.6,8.1,17.5,455.92,3.81
淮安,2020年11月,181.19,117.62,17.6,44.6,13534,218.6,47.7,10.2,455.92,4.13
淮安,2020年12月,181.19,117.62,17.6,44.6,13534,218.6,67.7,2.6,455.92,5.96
淮安,2021年1月,181.19,142.02,17.6,44.6,13534,218.6,41.7,2.6,456.22,6.101890184
淮安,2021年2月,181.19,142.02,17.6,44.6,13534,218.6,39.2,4.6,456.22,3.6
淮安,2021年3月,181.19,142.02,17.6,44.6,13534,218.6,40.4,11.8,456.22,4.26
淮安,2021年4月,181.19,142.02,17.6,44.6,13534,218.6,47.1,15.6,456.22,3.45
淮安,2021年5月,181.19,142.02,17.6,44.6,13534,218.6,89.4,20.3,456.22,3.58
淮安,2021年6月,181.19,142.02,17.6,44.6,13534,218.6,152.5,25.3,456.22,3.49
淮安,2021年7月,181.19,142.02,17.6,44.6,13534,218.6,308.6,27.9,456.22,2.08
淮安,2021年8月,181.19,142.02,17.6,44.6,13534,218.6,275.7,27.1,456.22,2.49
淮安,2021年9月,181.19,142.02,17.6,44.6,13534,218.6,108,23,456.22,2.64
淮安,2021年10月,181.19,142.02,17.6,44.6,13534,218.6,8.1,17.5,456.22,3.67
淮安,2021年11月,181.19,142.02,17.6,44.6,13534,218.6,47.7,10.2,456.22,4.46
淮安,2021年12月,181.19,142.02,17.6,44.6,13534,218.6,67.7,2.6,456.22,4.97
淮安,2022年1月,181.19,149.86,17.6,44.6,13534,218.6,41.7,2.6,455.31,5.13
淮安,2022年2月,181.19,149.86,17.6,44.6,13534,218.6,39.2,4.6,455.31,3.98
淮安,2022年3月,181.19,149.86,17.6,44.6,13534,218.6,40.4,11.8,455.31,4.18
淮安,2022年4月,181.19,149.86,17.6,44.6,13534,218.6,47.1,15.6,455.31,4
淮安,2022年5月,181.19,149.86,17.6,44.6,13534,218.6,89.4,20.3,455.31,3.77
淮安,2022年6月,181.19,149.86,17.6,44.6,13534,218.6,152.5,25.3,455.31,3.36
淮安,2022年7月,181.19,149.86,17.6,44.6,13534,218.6,308.6,27.9,455.31,2.48
淮安,2022年8月,181.19,149.86,17.6,44.6,13534,218.6,275.7,27.1,455.31,2.58
淮安,2022年9月,181.19,149.86,17.6,44.6,13534,218.6,108,23,455.31,2.82
淮安,2022年10月,181.19,149.86,17.6,44.6,13534,218.6,8.1,17.5,455.31,3.05
淮安,2022年11月,181.19,149.86,17.6,44.6,13534,218.6,47.7,10.2,455.31,3.62
淮安,2022年12月,181.19,149.86,17.6,44.6,13534,218.6,67.7,2.6,455.31,4.85
淮安,2023年1月,181.19,174.51,17.6,44.6,13534,218.6,41.7,2.6,453.8,
淮安,2023年2月,181.19,174.51,17.6,44.6,13534,218.6,39.2,4.6,453.8,
淮安,2023年3月,181.19,174.51,17.6,44.6,13534,218.6,40.4,11.8,453.8,
淮安,2023年4月,181.19,174.51,17.6,44.6,13534,218.6,47.1,15.6,453.8,
淮安,2023年5月,181.19,174.51,17.6,44.6,13534,218.6,89.4,20.3,453.8,
淮安,2023年6月,181.19,174.51,17.6,44.6,13534,218.6,152.5,25.3,453.8,
淮安,2023年7月,181.19,174.51,17.6,44.6,13534,218.6,308.6,27.9,453.8,
淮安,2023年8月,181.19,174.51,17.6,44.6,13534,218.6,275.7,27.1,453.8,
淮安,2023年9月,181.19,174.51,17.6,44.6,13534,218.6,108,23,453.8,
淮安,2023年10月,181.19,174.51,17.6,44.6,13534,218.6,8.1,17.5,453.8,
淮安,2023年11月,181.19,174.51,17.6,44.6,13534,218.6,47.7,10.2,453.8,
淮安,2023年12月,181.19,174.51,17.6,44.6,13534,218.6,67.7,2.6,453.8,
盐城,2018年7月,413.84,212.54,15.9,39.2,3706,164.2,118.1,28.1,669.38,2.81
盐城,2018年8月,413.84,212.54,15.9,39.2,3706,164.2,159.5,27.8,669.38,2.62
盐城,2018年9月,413.84,212.54,15.9,39.2,3706,164.2,80.3,24.2,669.38,3.44
盐城,2018年10月,413.84,212.54,15.9,39.2,3706,164.2,11.1,18.2,669.38,4.39
盐城,2018年11月,413.84,212.54,15.9,39.2,3706,164.2,20.4,11.3,669.38,4.98
盐城,2018年12月,413.84,212.54,15.9,39.2,3706,164.2,73.8,3.4,669.38,4.8
盐城,2019年1月,413.84,215.22,15.9,39.2,3706,164.2,21.5,2.6,670.84,5.3
盐城,2019年2月,413.84,215.22,15.9,39.2,3706,164.2,54.2,4.6,670.84,4.78
盐城,2019年3月,413.84,215.22,15.9,39.2,3706,164.2,42.6,11.5,670.84,4.82
盐城,2019年4月,413.84,215.22,15.9,39.2,3706,164.2,45.5,15.6,670.84,3.95
盐城,2019年5月,413.84,215.22,15.9,39.2,3706,164.2,127.9,20.3,670.84,3.93
盐城,2019年6月,413.84,215.22,15.9,39.2,3706,164.2,143.2,24.9,670.84,3.21
盐城,2019年7月,413.84,215.22,15.9,39.2,3706,164.2,118.1,28.1,670.84,2.94
盐城,2019年8月,413.84,215.22,15.9,39.2,3706,164.2,159.5,27.8,670.84,2.4
盐城,2019年9月,413.84,215.22,15.9,39.2,3706,164.2,80.3,24.2,670.84,2.8
盐城,2019年10月,413.84,215.22,15.9,39.2,3706,164.2,11.1,18.2,670.84,3.77
盐城,2019年11月,413.84,215.22,15.9,39.2,3706,164.2,20.4,11.3,670.84,3.95
盐城,2019年12月,413.84,215.22,15.9,39.2,3706,164.2,73.8,3.4,670.84,4.63
盐城,2020年1月,413.84,242.02,15.9,39.2,3706,164.2,21.5,2.6,671.06,4.37
盐城,2020年2月,413.84,242.02,15.9,39.2,3706,164.2,54.2,4.6,671.06,3.12
盐城,2020年3月,413.84,242.02,15.9,39.2,3706,164.2,42.6,11.5,671.06,3.37
盐城,2020年4月,413.84,242.02,15.9,39.2,3706,164.2,45.5,15.6,671.06,4.03
盐城,2020年5月,413.84,242.02,15.9,39.2,3706,164.2,127.9,20.3,671.06,3.45
盐城,2020年6月,413.84,242.02,15.9,39.2,3706,164.2,143.2,24.9,671.06,2.95
盐城,2020年7月,413.84,242.02,15.9,39.2,3706,164.2,118.1,28.1,671.06,2.19
盐城,2020年8月,413.84,242.02,15.9,39.2,3706,164.2,159.5,27.8,671.06,2.72
盐城,2020年9月,413.84,242.02,15.9,39.2,3706,164.2,80.3,24.2,671.06,3.27
盐城,2020年10月,413.84,242.02,15.9,39.2,3706,164.2,11.1,18.2,671.06,3.02
盐城,2020年11月,413.84,242.02,15.9,39.2,3706,164.2,20.4,11.3,671.06,3.52
盐城,2020年12月,413.84,242.02,15.9,39.2,3706,164.2,73.8,3.4,671.06,4.85
盐城,2021年1月,413.84,274.61,15.9,39.2,3706,164.2,21.5,2.6,671.3,4.4
盐城,2021年2月,413.84,274.61,15.9,39.2,3706,164.2,54.2,4.6,671.3,3.02
盐城,2021年3月,413.84,274.61,15.9,39.2,3706,164.2,42.6,11.5,671.3,3.42
盐城,2021年4月,413.84,274.61,15.9,39.2,3706,164.2,45.5,15.6,671.3,2.83
盐城,2021年5月,413.84,274.61,15.9,39.2,3706,164.2,127.9,20.3,671.3,2.96
盐城,2021年6月,413.84,274.61,15.9,39.2,3706,164.2,143.2,24.9,671.3,2.97
盐城,2021年7月,413.84,274.61,15.9,39.2,3706,164.2,118.1,28.1,671.3,2.18
盐城,2021年8月,413.84,274.61,15.9,39.2,3706,164.2,159.5,27.8,671.3,2.15
盐城,2021年9月,413.84,274.61,15.9,39.2,3706,164.2,80.3,24.2,671.3,2.33
盐城,2021年10月,413.84,274.61,15.9,39.2,3706,164.2,11.1,18.2,671.3,3.28
盐城,2021年11月,413.84,274.61,15.9,39.2,3706,164.2,20.4,11.3,671.3,4.16
盐城,2021年12月,413.84,274.61,15.9,39.2,3706,164.2,73.8,3.4,671.3,4.5
盐城,2022年1月,413.84,293.99,15.9,39.2,3706,164.2,21.5,2.6,668.97,4.08
盐城,2022年2月,413.84,293.99,15.9,39.2,3706,164.2,54.2,4.6,668.97,3.3
盐城,2022年3月,413.84,293.99,15.9,39.2,3706,164.2,42.6,11.5,668.97,3.51
盐城,2022年4月,413.84,293.99,15.9,39.2,3706,164.2,45.5,15.6,668.97,3.51
盐城,2022年5月,413.84,293.99,15.9,39.2,3706,164.2,127.9,20.3,668.97,3.18
盐城,2022年6月,413.84,293.99,15.9,39.2,3706,164.2,143.2,24.9,668.97,2.96
盐城,2022年7月,413.84,293.99,15.9,39.2,3706,164.2,118.1,28.1,668.97,2.22
盐城,2022年8月,413.84,293.99,15.9,39.2,3706,164.2,159.5,27.8,668.97,2.64
盐城,2022年9月,413.84,293.99,15.9,39.2,3706,164.2,80.3,24.2,668.97,2.33
盐城,2022年10月,413.84,293.99,15.9,39.2,3706,164.2,11.1,18.2,668.97,2.5
盐城,2022年11月,413.84,293.99,15.9,39.2,3706,164.2,20.4,11.3,668.97,2.77
盐城,2022年12月,413.84,293.99,15.9,39.2,3706,164.2,73.8,3.4,668.97,4.06
盐城,2023年1月,413.84,321.95,15.9,39.2,3706,164.2,21.5,2.6,668.9,
盐城,2023年2月,413.84,321.95,15.9,39.2,3706,164.2,54.2,4.6,668.9,
盐城,2023年3月,413.84,321.95,15.9,39.2,3706,164.2,42.6,11.5,668.9,
盐城,2023年4月,413.84,321.95,15.9,39.2,3706,164.2,45.5,15.6,668.9,
盐城,2023年5月,413.84,321.95,15.9,39.2,3706,164.2,127.9,20.3,668.9,
盐城,2023年6月,413.84,321.95,15.9,39.2,3706,164.2,143.2,24.9,668.9,
盐城,2023年7月,413.84,321.95,15.9,39.2,3706,164.2,118.1,28.1,668.9,
盐城,2023年8月,413.84,321.95,15.9,39.2,3706,164.2,159.5,27.8,668.9,
盐城,2023年9月,413.84,321.95,15.9,39.2,3706,164.2,80.3,24.2,668.9,
盐城,2023年10月,413.84,321.95,15.9,39.2,3706,164.2,11.1,18.2,668.9,
盐城,2023年11月,413.84,321.95,15.9,39.2,3706,164.2,20.4,11.3,668.9,
盐城,2023年12月,413.84,321.95,15.9,39.2,3706,164.2,73.8,3.4,668.9,
苏州,2018年7月,2476.37,1227.77,15,44.4,30644,217.7,457,29.7,1266.69,3.3
苏州,2018年8月,2476.37,1227.77,15,44.4,30644,217.7,107.4,28.9,1266.69,3.12
苏州,2018年9月,2476.37,1227.77,15,44.4,30644,217.7,217.2,25.7,1266.69,4.09
苏州,2018年10月,2476.37,1227.77,15,44.4,30644,217.7,20.1,20.3,1266.69,4.54
苏州,2018年11月,2476.37,1227.77,15,44.4,30644,217.7,30,14.1,1266.69,5.31
苏州,2018年12月,2476.37,1227.77,15,44.4,30644,217.7,39.5,6.3,1266.69,4.68
苏州,2019年1月,2476.37,1199.82,15,44.4,30644,217.7,71.9,6.1,1270.75,5.21
苏州,2019年2月,2476.37,1199.82,15,44.4,30644,217.7,65.2,7.1,1270.75,4.25
苏州,2019年3月,2476.37,1199.82,15,44.4,30644,217.7,68.8,13,1270.75,5.11
苏州,2019年4月,2476.37,1199.82,15,44.4,30644,217.7,29,17.7,1270.75,4.56
苏州,2019年5月,2476.37,1199.82,15,44.4,30644,217.7,74.6,22.1,1270.75,4.24
苏州,2019年6月,2476.37,1199.82,15,44.4,30644,217.7,226.1,25.9,1270.75,3.64
苏州,2019年7月,2476.37,1199.82,15,44.4,30644,217.7,457,29.7,1270.75,3.26
苏州,2019年8月,2476.37,1199.82,15,44.4,30644,217.7,107.4,28.9,1270.75,3.26
苏州,2019年9月,2476.37,1199.82,15,44.4,30644,217.7,217.2,25.7,1270.75,3.75
苏州,2019年10月,2476.37,1199.82,15,44.4,30644,217.7,20.1,20.3,1270.75,4.19
苏州,2019年11月,2476.37,1199.82,15,44.4,30644,217.7,30,14.1,1270.75,4.16
苏州,2019年12月,2476.37,1199.82,15,44.4,30644,217.7,39.5,6.3,1270.75,5.03
苏州,2020年1月,2476.37,1170.57,15,44.4,30644,217.7,71.9,6.1,1274.96,4.7
苏州,2020年2月,2476.37,1170.57,15,44.4,30644,217.7,65.2,7.1,1274.96,2.89
苏州,2020年3月,2476.37,1170.57,15,44.4,30644,217.7,68.8,13,1274.96,3.43
苏州,2020年4月,2476.37,1170.57,15,44.4,30644,217.7,29,17.7,1274.96,4.35
苏州,2020年5月,2476.37,1170.57,15,44.4,30644,217.7,74.6,22.1,1274.96,4.05
苏州,2020年6月,2476.37,1170.57,15,44.4,30644,217.7,226.1,25.9,1274.96,3.1
苏州,2020年7月,2476.37,1170.57,15,44.4,30644,217.7,457,29.7,1274.96,3.21
苏州,2020年8月,2476.37,1170.57,15,44.4,30644,217.7,107.4,28.9,1274.96,2.98
苏州,2020年9月,2476.37,1170.57,15,44.4,30644,217.7,217.2,25.7,1274.96,3.84
苏州,2020年10月,2476.37,1170.57,15,44.4,30644,217.7,20.1,20.3,1274.96,3.24
苏州,2020年11月,2476.37,1170.57,15,44.4,30644,217.7,30,14.1,1274.96,3.72
苏州,2020年12月,2476.37,1170.57,15,44.4,30644,217.7,39.5,6.3,1274.96,4.94
苏州,2021年1月,2476.37,1271.45,15,44.4,30644,217.7,71.9,6.1,1284.78,4.54
苏州,2021年2月,2476.37,1271.45,15,44.4,30644,217.7,65.2,7.1,1284.78,3.27
苏州,2021年3月,2476.37,1271.45,15,44.4,30644,217.7,68.8,13,1284.78,4.13
苏州,2021年4月,2476.37,1271.45,15,44.4,30644,217.7,29,17.7,1284.78,3.69
苏州,2021年5月,2476.37,1271.45,15,44.4,30644,217.7,74.6,22.1,1284.78,3.66
苏州,2021年6月,2476.37,1271.45,15,44.4,30644,217.7,226.1,25.9,1284.78,3.18
苏州,2021年7月,2476.37,1271.45,15,44.4,30644,217.7,457,29.7,1284.78,2.58
苏州,2021年8月,2476.37,1271.45,15,44.4,30644,217.7,107.4,28.9,1284.78,2.82
苏州,2021年9月,2476.37,1271.45,15,44.4,30644,217.7,217.2,25.7,1284.78,2.97
苏州,2021年10月,2476.37,1271.45,15,44.4,30644,217.7,20.1,20.3,1284.78,3.06
苏州,2021年11月,2476.37,1271.45,15,44.4,30644,217.7,30,14.1,1284.78,3.92
苏州,2021年12月,2476.37,1271.45,15,44.4,30644,217.7,39.5,6.3,1284.78,4.85
苏州,2022年1月,2476.37,1213.31,15,44.4,30644,217.7,71.9,6.1,1291.06,4.4
苏州,2022年2月,2476.37,1213.31,15,44.4,30644,217.7,65.2,7.1,1291.06,3.3
苏州,2022年3月,2476.37,1213.31,15,44.4,30644,217.7,68.8,13,1291.06,3.7
苏州,2022年4月,2476.37,1213.31,15,44.4,30644,217.7,29,17.7,1291.06,3.43
苏州,2022年5月,2476.37,1213.31,15,44.4,30644,217.7,74.6,22.1,1291.06,3.11
苏州,2022年6月,2476.37,1213.31,15,44.4,30644,217.7,226.1,25.9,1291.06,3.02
苏州,2022年7月,2476.37,1213.31,15,44.4,30644,217.7,457,29.7,1291.06,2.65
苏州,2022年8月,2476.37,1213.31,15,44.4,30644,217.7,107.4,28.9,1291.06,2.95
苏州,2022年9月,2476.37,1213.31,15,44.4,30644,217.7,217.2,25.7,1291.06,2.95
苏州,2022年10月,2476.37,1213.31,15,44.4,30644,217.7,20.1,20.3,1291.06,2.79
苏州,2022年11月,2476.37,1213.31,15,44.4,30644,217.7,30,14.1,1291.06,3.27
苏州,2022年12月,2476.37,1213.31,15,44.4,30644,217.7,39.5,6.3,1291.06,4.08
苏州,2023年1月,2476.37,1235.38,15,44.4,30644,217.7,71.9,6.1,1295.8,
苏州,2023年2月,2476.37,1235.38,15,44.4,30644,217.7,65.2,7.1,1295.8,
苏州,2023年3月,2476.37,1235.38,15,44.4,30644,217.7,68.8,13,1295.8,
苏州,2023年4月,2476.37,1235.38,15,44.4,30644,217.7,29,17.7,1295.8,
苏州,2023年5月,2476.37,1235.38,15,44.4,30644,217.7,74.6,22.1,1295.8,
苏州,2023年6月,2476.37,1235.38,15,44.4,30644,217.7,226.1,25.9,1295.8,
苏州,2023年7月,2476.37,1235.38,15,44.4,30644,217.7,457,29.7,1295.8,
苏州,2023年8月,2476.37,1235.38,15,44.4,30644,217.7,107.4,28.9,1295.8,
苏州,2023年9月,2476.37,1235.38,15,44.4,30644,217.7,217.2,25.7,1295.8,
苏州,2023年10月,2476.37,1235.38,15,44.4,30644,217.7,20.1,20.3,1295.8,
苏州,2023年11月,2476.37,1235.38,15,44.4,30644,217.7,30,14.1,1295.8,
苏州,2023年12月,2476.37,1235.38,15,44.4,30644,217.7,39.5,6.3,1295.8,
连云港,2018年7月,241.37,106.52,16.1,43,3815,262.5,314.2,27.8,458.08,2.84
连云港,2018年8月,241.37,106.52,16.1,43,3815,262.5,266.4,27.2,458.08,2.75
连云港,2018年9月,241.37,106.52,16.1,43,3815,262.5,132.8,23.4,458.08,3.64
连云港,2018年10月,241.37,106.52,16.1,43,3815,262.5,3.6,18,458.08,4.54
连云港,2018年11月,241.37,106.52,16.1,43,3815,262.5,28.4,9.7,458.08,4.94
连云港,2018年12月,241.37,106.52,16.1,43,3815,262.5,39.5,2.3,458.08,5.15
连云港,2019年1月,241.37,108.89,16.1,43,3815,262.5,13.8,1.6,459.09,6.58
连云港,2019年2月,241.37,108.89,16.1,43,3815,262.5,24.3,3.9,459.09,5.78
连云港,2019年3月,241.37,108.89,16.1,43,3815,262.5,20,11.1,459.09,4.78
连云港,2019年4月,241.37,108.89,16.1,43,3815,262.5,59.1,14.6,459.09,4.03
连云港,2019年5月,241.37,108.89,16.1,43,3815,262.5,112.8,20,459.09,3.97
连云港,2019年6月,241.37,108.89,16.1,43,3815,262.5,72.2,25.2,459.09,3.46
连云港,2019年7月,241.37,108.89,16.1,43,3815,262.5,314.2,27.8,459.09,3.37
连云港,2019年8月,241.37,108.89,16.1,43,3815,262.5,266.4,27.2,459.09,3.11
连云港,2019年9月,241.37,108.89,16.1,43,3815,262.5,132.8,23.4,459.09,3.35
连云港,2019年10月,241.37,108.89,16.1,43,3815,262.5,3.6,18,459.09,4.43
连云港,2019年11月,241.37,108.89,16.1,43,3815,262.5,28.4,9.7,459.09,4.16
连云港,2019年12月,241.37,108.89,16.1,43,3815,262.5,39.5,2.3,459.09,4.77
连云港,2020年1月,241.37,118.81,16.1,43,3815,262.5,13.8,1.6,460.1,5.33
连云港,2020年2月,241.37,118.81,16.1,43,3815,262.5,24.3,3.9,460.1,3.46
连云港,2020年3月,241.37,118.81,16.1,43,3815,262.5,20,11.1,460.1,3.58
连云港,2020年4月,241.37,118.81,16.1,43,3815,262.5,59.1,14.6,460.1,4.19
连云港,2020年5月,241.37,118.81,16.1,43,3815,262.5,112.8,20,460.1,3.45
连云港,2020年6月,241.37,118.81,16.1,43,3815,262.5,72.2,25.2,460.1,3.44
连云港,2020年7月,241.37,118.81,16.1,43,3815,262.5,314.2,27.8,460.1,2.66
连云港,2020年8月,241.37,118.81,16.1,43,3815,262.5,266.4,27.2,460.1,2.88
连云港,2020年9月,241.37,118.81,16.1,43,3815,262.5,132.8,23.4,460.1,3.67
连云港,2020年10月,241.37,118.81,16.1,43,3815,262.5,3.6,18,460.1,3.88
连云港,2020年11月,241.37,118.81,16.1,43,3815,262.5,28.4,9.7,460.1,4.21
连云港,2020年12月,241.37,118.81,16.1,43,3815,262.5,39.5,2.3,460.1,5.66
连云港,2021年1月,241.37,131.68,16.1,43,3815,262.5,13.8,1.6,460.2,5.55
连云港,2021年2月,241.37,131.68,16.1,43,3815,262.5,24.3,3.9,460.2,3.6
连云港,2021年3月,241.37,131.68,16.1,43,3815,262.5,20,11.1,460.2,4.34
连云港,2021年4月,241.37,131.68,16.1,43,3815,262.5,59.1,14.6,460.2,3.23
连云港,2021年5月,241.37,131.68,16.1,43,3815,262.5,112.8,20,460.2,3.25
连云港,2021年6月,241.37,131.68,16.1,43,3815,262.5,72.2,25.2,460.2,3.41
连云港,2021年7月,241.37,131.68,16.1,43,3815,262.5,314.2,27.8,460.2,2.03
连云港,2021年8月,241.37,131.68,16.1,43,3815,262.5,266.4,27.2,460.2,2.52
连云港,2021年9月,241.37,131.68,16.1,43,3815,262.5,132.8,23.4,460.2,2.6
连云港,2021年10月,241.37,131.68,16.1,43,3815,262.5,3.6,18,460.2,3.66
连云港,2021年11月,241.37,131.68,16.1,43,3815,262.5,28.4,9.7,460.2,4.69
连云港,2021年12月,241.37,131.68,16.1,43,3815,262.5,39.5,2.3,460.2,5
连云港,2022年1月,241.37,159.52,16.1,43,3815,262.5,13.8,1.6,460.05,4.68
连云港,2022年2月,241.37,159.52,16.1,43,3815,262.5,24.3,3.9,460.05,3.72
连云港,2022年3月,241.37,159.52,16.1,43,3815,262.5,20,11.1,460.05,3.4
连云港,2022年4月,241.37,159.52,16.1,43,3815,262.5,59.1,14.6,460.05,3.61
连云港,2022年5月,241.37,159.52,16.1,43,3815,262.5,112.8,20,460.05,3.29
连云港,2022年6月,241.37,159.52,16.1,43,3815,262.5,72.2,25.2,460.05,3.06
连云港,2022年7月,241.37,159.52,16.1,43,3815,262.5,314.2,27.8,460.05,2.45
连云港,2022年8月,241.37,159.52,16.1,43,3815,262.5,266.4,27.2,460.05,2.47
连云港,2022年9月,241.37,159.52,16.1,43,3815,262.5,132.8,23.4,460.05,2.62
连云港,2022年10月,241.37,159.52,16.1,43,3815,262.5,3.6,18,460.05,2.83
连云港,2022年11月,241.37,159.52,16.1,43,3815,262.5,28.4,9.7,460.05,3.3
连云港,2022年12月,241.37,159.52,16.1,43,3815,262.5,39.5,2.3,460.05,5.02
连云港,2023年1月,241.37,216.42,16.1,43,3815,262.5,13.8,1.6,459.4,
连云港,2023年2月,241.37,216.42,16.1,43,3815,262.5,24.3,3.9,459.4,
连云港,2023年3月,241.37,216.42,16.1,43,3815,262.5,20,11.1,459.4,
连云港,2023年4月,241.37,216.42,16.1,43,3815,262.5,59.1,14.6,459.4,
连云港,2023年5月,241.37,216.42,16.1,43,3815,262.5,112.8,20,459.4,
连云港,2023年6月,241.37,216.42,16.1,43,3815,262.5,72.2,25.2,459.4,
连云港,2023年7月,241.37,216.42,16.1,43,3815,262.5,314.2,27.8,459.4,
连云港,2023年8月,241.37,216.42,16.1,43,3815,262.5,266.4,27.2,459.4,
连云港,2023年9月,241.37,216.42,16.1,43,3815,262.5,132.8,23.4,459.4,
连云港,2023年10月,241.37,216.42,16.1,43,3815,262.5,3.6,18,459.4,
连云港,2023年11月,241.37,216.42,16.1,43,3815,262.5,28.4,9.7,459.4,
连云港,2023年12月,241.37,216.42,16.1,43,3815,262.5,39.5,2.3,459.4,
镇江,2018年7月,324.57,183.42,18.1,43.5,5849,221.7,475.8,28.5,319.64,3.76
镇江,2018年8月,324.57,183.42,18.1,43.5,5849,221.7,135.7,28.2,319.64,3.46
镇江,2018年9月,324.57,183.42,18.1,43.5,5849,221.7,97.9,24.7,319.64,3.94
镇江,2018年10月,324.57,183.42,18.1,43.5,5849,221.7,22.8,18.5,319.64,4.62
镇江,2018年11月,324.57,183.42,18.1,43.5,5849,221.7,21.3,11.8,319.64,5.7
镇江,2018年12月,324.57,183.42,18.1,43.5,5849,221.7,59.9,4.2,319.64,4.8
镇江,2019年1月,324.57,190.1,18.1,43.5,5849,221.7,30,3.8,320.35,5.78
镇江,2019年2月,324.57,190.1,18.1,43.5,5849,221.7,64.5,5.7,320.35,4.66
镇江,2019年3月,324.57,190.1,18.1,43.5,5849,221.7,48,12.3,320.35,5.41
镇江,2019年4月,324.57,190.1,18.1,43.5,5849,221.7,34,16.8,320.35,4.62
镇江,2019年5月,324.57,190.1,18.1,43.5,5849,221.7,86.6,21.4,320.35,4.81
镇江,2019年6月,324.57,190.1,18.1,43.5,5849,221.7,329.5,25.5,320.35,4.3
镇江,2019年7月,324.57,190.1,18.1,43.5,5849,221.7,475.8,28.5,320.35,3.72
镇江,2019年8月,324.57,190.1,18.1,43.5,5849,221.7,135.7,28.2,320.35,3.24
镇江,2019年9月,324.57,190.1,18.1,43.5,5849,221.7,97.9,24.7,320.35,3.42
镇江,2019年10月,324.57,190.1,18.1,43.5,5849,221.7,22.8,18.5,320.35,4.18
镇江,2019年11月,324.57,190.1,18.1,43.5,5849,221.7,21.3,11.8,320.35,4.61
镇江,2019年12月,324.57,190.1,18.1,43.5,5849,221.7,59.9,4.2,320.35,5.02
镇江,2020年1月,324.57,192.23,18.1,43.5,5849,221.7,30,3.8,321.1,4.84
镇江,2020年2月,324.57,192.23,18.1,43.5,5849,221.7,64.5,5.7,321.1,3.34
镇江,2020年3月,324.57,192.23,18.1,43.5,5849,221.7,48,12.3,321.1,3.77
镇江,2020年4月,324.57,192.23,18.1,43.5,5849,221.7,34,16.8,321.1,4.37
镇江,2020年5月,324.57,192.23,18.1,43.5,5849,221.7,86.6,21.4,321.1,4.19
镇江,2020年6月,324.57,192.23,18.1,43.5,5849,221.7,329.5,25.5,321.1,3.45
镇江,2020年7月,324.57,192.23,18.1,43.5,5849,221.7,475.8,28.5,321.1,3.13
镇江,2020年8月,324.57,192.23,18.1,43.5,5849,221.7,135.7,28.2,321.1,3.21
镇江,2020年9月,324.57,192.23,18.1,43.5,5849,221.7,97.9,24.7,321.1,3.74
镇江,2020年10月,324.57,192.23,18.1,43.5,5849,221.7,22.8,18.5,321.1,3.4
镇江,2020年11月,324.57,192.23,18.1,43.5,5849,221.7,21.3,11.8,321.1,3.85
镇江,2020年12月,324.57,192.23,18.1,43.5,5849,221.7,59.9,4.2,321.1,3.745894465
镇江,2021年1月,324.57,211.64,18.1,43.5,5849,221.7,30,3.8,321.72,4.96
镇江,2021年2月,324.57,211.64,18.1,43.5,5849,221.7,64.5,5.7,321.72,3.53
镇江,2021年3月,324.57,211.64,18.1,43.5,5849,221.7,48,12.3,321.72,4.33
镇江,2021年4月,324.57,211.64,18.1,43.5,5849,221.7,34,16.8,321.72,3.76
镇江,2021年5月,324.57,211.64,18.1,43.5,5849,221.7,86.6,21.4,321.72,3.73
镇江,2021年6月,324.57,211.64,18.1,43.5,5849,221.7,329.5,25.5,321.72,3.81
镇江,2021年7月,324.57,211.64,18.1,43.5,5849,221.7,475.8,28.5,321.72,2.8
镇江,2021年8月,324.57,211.64,18.1,43.5,5849,221.7,135.7,28.2,321.72,3.15
镇江,2021年9月,324.57,211.64,18.1,43.5,5849,221.7,97.9,24.7,321.72,3.46
镇江,2021年10月,324.57,211.64,18.1,43.5,5849,221.7,22.8,18.5,321.72,3.7
镇江,2021年11月,324.57,211.64,18.1,43.5,5849,221.7,21.3,11.8,321.72,4.5
镇江,2021年12月,324.57,211.64,18.1,43.5,5849,221.7,59.9,4.2,321.72,5.06
镇江,2022年1月,324.57,211.3,18.1,43.5,5849,221.7,30,3.8,322.22,4.84
镇江,2022年2月,324.57,211.3,18.1,43.5,5849,221.7,64.5,5.7,322.22,3.97
镇江,2022年3月,324.57,211.3,18.1,43.5,5849,221.7,48,12.3,322.22,4.5
镇江,2022年4月,324.57,211.3,18.1,43.5,5849,221.7,34,16.8,322.22,4.03
镇江,2022年5月,324.57,211.3,18.1,43.5,5849,221.7,86.6,21.4,322.22,4.04
镇江,2022年6月,324.57,211.3,18.1,43.5,5849,221.7,329.5,25.5,322.22,3.47
镇江,2022年7月,324.57,211.3,18.1,43.5,5849,221.7,475.8,28.5,322.22,3.05
镇江,2022年8月,324.57,211.3,18.1,43.5,5849,221.7,135.7,28.2,322.22,3.15
镇江,2022年9月,324.57,211.3,18.1,43.5,5849,221.7,97.9,24.7,322.22,2.94
镇江,2022年10月,324.57,211.3,18.1,43.5,5849,221.7,22.8,18.5,322.22,3.03
镇江,2022年11月,324.57,211.3,18.1,43.5,5849,221.7,21.3,11.8,322.22,3.8
镇江,2022年12月,324.57,211.3,18.1,43.5,5849,221.7,59.9,4.2,322.22,4.55
镇江,2023年1月,324.57,216.13,18.1,43.5,5849,221.7,30,3.8,322.6,
镇江,2023年2月,324.57,216.13,18.1,43.5,5849,221.7,64.5,5.7,322.6,
镇江,2023年3月,324.57,216.13,18.1,43.5,5849,221.7,48,12.3,322.6,
镇江,2023年4月,324.57,216.13,18.1,43.5,5849,221.7,34,16.8,322.6,
镇江,2023年5月,324.57,216.13,18.1,43.5,5849,221.7,86.6,21.4,322.6,
镇江,2023年6月,324.57,216.13,18.1,43.5,5849,221.7,329.5,25.5,322.6,
镇江,2023年7月,324.57,216.13,18.1,43.5,5849,221.7,475.8,28.5,322.6,
镇江,2023年8月,324.57,216.13,18.1,43.5,5849,221.7,135.7,28.2,322.6,
镇江,2023年9月,324.57,216.13,18.1,43.5,5849,221.7,97.9,24.7,322.6,
镇江,2023年10月,324.57,216.13,18.1,43.5,5849,221.7,22.8,18.5,322.6,
镇江,2023年11月,324.57,216.13,18.1,43.5,5849,221.7,21.3,11.8,322.6,
镇江,2023年12月,324.57,216.13,18.1,43.5,5849,221.7,59.9,4.2,322.6,
